listing_id,title,price,surface_m2,pieces,bedrooms,bathrooms,neighborhood,city,price_per_m2,has_garden,has_terrace,has_garage,has_air_conditioning,has_central_heating
8386965.0,Appartement neuf de deux chambres,1284.0,90.0,3.0,2.0,2.0,Neighborhood 1,Tucson,14.266666666666667,0,0,1,0,0
8105695.0,"Appartement à louer à Casablanca Finance City.
Superficie 68...",963.0,68.0,2.0,1.0,1.0,Neighborhood 11,Charlotte,14.161764705882353,0,0,1,0,0
8040949.0,Villa jumelée de prestige 4 chambres à louer – Prestigia Vil...,3103.0,480.0,5.0,4.0,4.0,Neighborhood 19,Charlotte,6.464583333333334,0,0,1,0,0
8357795.0,Louez cet appart meublé à la ville verte,2140.0,175.0,5.0,3.0,3.0,Neighborhood 1,Nashville,12.228571428571428,0,0,1,0,0
8389714.0,À louer villa pinède 4 chambres,4494.0,400.0,7.0,5.0,3.0,Neighborhood 9,Cincinnati,11.235,0,0,1,0,0
7820489.0,Élégant appartement meublé à louer,1872.5,110.0,4.0,3.0,2.0,Neighborhood 11,St. Louis,17.022727272727273,0,0,1,0,0
8390645.0,"Louez cet appartement à El Mansouria. 
Surface totale 80 m²...",802.5,80.0,3.0,2.0,1.0,,,10.03125,0,0,1,0,0
8387754.0,Studio meublé haut standing les princesses,802.5,45.0,2.0,1.0,1.0,Neighborhood 18,Charlotte,17.833333333333332,0,0,1,0,0
8384143.0,Spacieuse villa a Louer Vide,4815.0,600.0,7.0,5.0,3.0,Neighborhood 14,Tucson,8.025,0,0,1,0,0
8388988.0,"Très bel DUPLEX en location à Guéliz. 
6 pièces confortables...",1926.0,145.0,6.0,3.0,3.0,Neighborhood 6,Tucson,13.282758620689656,0,0,1,0,0
8358129.0,Très jolie appartement vide à Samlalia. 95 mètre,856.0,95.0,2.0,2.0,1.0,Neighborhood 23,Tucson,9.010526315789473,0,0,1,0,0
8341304.0,Location jolie appartement vide à semlalia. 100 mètre,856.0,100.0,2.0,2.0,1.0,Neighborhood 23,Tucson,8.56,0,0,1,0,0
8390673.0,Appartement marina,2782.0,250.0,3.0,2.0,2.0,Neighborhood 12,Charlotte,11.128,0,0,1,0,0
8390664.0,À louer – Magnifique appartement meublé à Jenan El Ali,1284.0,85.0,7.0,2.0,2.0,Neighborhood 16,Tucson,15.105882352941176,0,0,1,0,0
8387507.0,Studio Palmier. 1 belle chambre. Meublé,749.0,50.0,1.0,1.0,1.0,Neighborhood 24,Charlotte,14.98,0,0,1,0,0
8390667.0,Studio cfc meuble,963.0,60.0,1.0,1.0,1.0,Neighborhood 11,Charlotte,16.05,0,0,1,0,0
8390651.0,Très bel appartement en location à Triangle d'Or. 2 belles c...,2140.0,114.0,3.0,2.0,2.0,Neighborhood 30,Charlotte,18.771929824561404,0,0,1,0,0
8390631.0,Tres joli appartement meublé à louer sur cfc avec piscine et...,1551.5,140.0,3.0,2.0,2.0,Neighborhood 11,Charlotte,11.082142857142857,0,0,1,0,0
8370893.0,Duplex meublé,2140.0,170.0,6.0,4.0,2.0,Neighborhood 1,Nashville,12.588235294117647,0,0,0,0,0
8220123.0,"Superbe appartement à louer – Hay Riad, Rabat",1284.0,130.0,4.0,3.0,2.0,Neighborhood 8,Cincinnati,9.876923076923077,0,0,1,0,0
8361406.0,Appartement meublé en location,588.5,85.0,3.0,2.0,1.0,Neighborhood 4,St. Louis,6.923529411764706,0,0,0,0,0
8384202.0,"Magnifique Bureau en location 
Aviation Rabat",1658.5,132.0,,,1.0,Neighborhood 3,Cincinnati,12.56439393939394,0,0,0,0,0
7699554.0,Bel appartement meublé à vendre à Darbouazza,1284.0,126.0,3.0,2.0,2.0,,,10.19047619047619,0,0,1,0,0
8383036.0,Trés jolie Villa meublé de trois chambres,5350.0,250.0,4.0,3.0,3.0,Neighborhood 19,Tucson,21.4,0,0,1,0,0
8386967.0,Appartement de deux chambres avec belle terrasse,1284.0,124.0,3.0,2.0,2.0,Neighborhood 4,Tucson,10.35483870967742,0,0,1,0,0
8308177.0,Villa a Louer meublé dans un petit domaine,2889.0,300.0,7.0,3.0,2.0,Neighborhood 16,Tucson,9.63,0,0,1,0,0
8390701.0,Appartement vide 64m² Palmier 7300 Dh,781.1,64.0,3.0,2.0,1.0,Neighborhood 24,Charlotte,12.2046875,0,0,1,0,0
8343214.0,Bel appartement avec jardin dans un domaine,1016.5,80.0,3.0,2.0,2.0,Neighborhood 3,Tucson,12.70625,0,0,1,0,0
8143607.0,Belle villa a Louer en habitation,4440.5,300.0,5.0,4.0,4.0,Neighborhood 18,Tucson,14.801666666666666,0,0,1,0,0
8194836.0,Location d'une chambre à Al Kouass. 1 Pièce. Bien meublé,401.25,30.0,1.0,,1.0,Neighborhood 2,Cincinnati,13.375,0,0,0,0,0
8390700.0,Très belle opportunité à ne pas,2675.0,300.0,6.0,4.0,4.0,Neighborhood 8,Tucson,8.916666666666666,0,0,0,0,0
8313604.0,Belle villa de plain pied a 10mn de Marrakech,4280.0,400.0,5.0,4.0,4.0,Neighborhood 16,Tucson,10.7,0,0,1,0,0
8383834.0,Villa vide à Californie,4066.0,500.0,5.0,4.0,3.0,Neighborhood 10,Charlotte,8.132,0,0,0,0,0
8345906.0,Tout neuf jamais habité Riviera,963.0,50.0,2.0,1.0,2.0,Neighborhood 26,Charlotte,19.26,0,0,1,0,0
8276777.0,Villa à Louer à Boubana,2675.0,300.0,7.0,5.0,2.0,Neighborhood 9,St. Louis,8.916666666666666,0,0,1,0,0
8372887.0,Appartement meublé cfc,1498.0,84.0,3.0,2.0,2.0,Neighborhood 11,Charlotte,17.833333333333332,0,0,1,0,0
7370698.0,Villa àlouer bureau au habitation,2354.0,310.0,6.0,4.0,4.0,Neighborhood 8,Cincinnati,7.593548387096774,0,0,1,0,0
8380318.0,"Studio en location longue duree 
hermitage",856.0,68.0,2.0,1.0,1.0,Neighborhood 16,Charlotte,12.588235294117647,0,0,1,0,0
8387101.0,Appartement Racine Dernier Etage,1819.0,180.0,3.0,3.0,2.0,Neighborhood 19,Charlotte,10.105555555555556,0,0,1,0,0
8385734.0,Superbe appartement meublé – Location mensuelle,749.0,48.0,2.0,1.0,1.0,Neighborhood 23,Charlotte,15.604166666666666,0,0,1,0,0
8374140.0,Appartement meublé,1498.0,100.0,3.0,2.0,3.0,Neighborhood 11,Charlotte,14.98,0,0,1,0,0
8345914.0,Tout neuf emplacement stratégique Riviera/Ghandi,963.0,55.0,2.0,1.0,2.0,Neighborhood 22,Charlotte,17.509090909090908,0,0,1,0,0
8312306.0,Villa 540m A La Ville Vert Bouskoura,3745.0,540.0,7.0,6.0,4.0,Neighborhood 1,Nashville,6.935185185185185,0,0,0,0,0
8245387.0,Location villa meublée Bouskoura casablanca,3745.0,550.0,7.0,4.0,3.0,Neighborhood 1,Nashville,6.8090909090909095,0,0,0,0,0
8341721.0,"Studio meublé à louer en plein CFC, résidence BO52, salle de...",1016.5,65.0,2.0,1.0,1.0,Neighborhood 11,Charlotte,15.638461538461538,0,0,1,0,0
7643066.0,Villa à louer proch maroc telecom,2354.0,290.0,7.0,4.0,3.0,Neighborhood 8,Cincinnati,8.117241379310345,0,0,1,0,0
8341707.0,"Magnifique studio meublé au 11 eme etage, résidence BO52, cu...",1016.5,64.0,2.0,1.0,1.0,Neighborhood 11,Charlotte,15.8828125,0,0,1,0,0
8390396.0,2CH à louer Bd Anoual proche Tramway,556.4,44.0,3.0,2.0,2.0,Neighborhood 16,Charlotte,12.645454545454545,0,0,1,0,0
8014972.0,Studio bien situé quartier des hôpitaux,642.0,39.0,2.0,1.0,1.0,Neighborhood 17,Charlotte,16.46153846153846,0,0,1,0,0
8363919.0,Bureau bien situé quartier Bourgogne,802.5,50.0,2.0,1.0,1.0,Neighborhood 8,Charlotte,16.05,0,0,1,0,0
8387714.0,"Appartement rénové 162 m², terrasse, Racine",1819.0,162.0,4.0,3.0,3.0,Neighborhood 19,Charlotte,11.228395061728396,0,0,1,0,0
8176451.0,Appartement dernier étage sans vis à vis au CFC,1444.5,112.0,4.0,3.0,2.0,Neighborhood 11,Charlotte,12.897321428571429,0,0,1,0,0
8386893.0,"Louez cet appartement à Palmier. 
2 grandes pièces. 
Bien me...",642.0,44.0,2.0,1.0,1.0,Neighborhood 24,Charlotte,14.590909090909092,0,0,1,0,0
7952099.0,Habit immobilier met en location un bel appartement meublé a...,1819.0,220.0,6.0,4.0,2.0,Neighborhood 15,Charlotte,8.268181818181818,0,0,1,0,0
8160717.0,A louer un bureau professionnel bien agencé,1230.5,146.0,,,1.0,Neighborhood 21,Charlotte,8.428082191780822,0,0,1,0,0
8274277.0,Charmante maison a louer Vide,1498.0,300.0,7.0,4.0,3.0,Neighborhood 18,Tucson,4.993333333333333,0,0,1,0,0
8269800.0,A SAISIR. Sublime pavillon a Louer au Waky,1380.3,140.0,4.0,3.0,2.0,Neighborhood 22,Tucson,9.859285714285713,0,0,1,0,0
8390699.0,"Riad, 7 Suites, Hammam 
Kasbah 
Sous Location Possible",6955.0,130.0,8.0,7.0,7.0,Neighborhood 10,Tucson,53.5,0,0,0,0,0
8390695.0,CH Immobilier Appartement meublé à louer,1605.0,135.0,3.0,2.0,2.0,Neighborhood 6,Tucson,11.88888888888889,0,0,1,0,0
8390693.0,Location longue durée – Appartement haut,1444.5,85.0,3.0,2.0,2.0,Neighborhood 4,Tucson,16.99411764705882,0,0,1,0,0
8358930.0,Bel appartement en location à Guéliz. 4 pièces. Meublé,1498.0,85.0,4.0,2.0,1.0,Neighborhood 6,Tucson,17.623529411764707,0,0,1,0,0
8360238.0,Très bel appartement à louer à l’Agdal dans une résidence à...,2461.0,143.0,5.0,2.0,2.0,Neighborhood 1,Tucson,17.20979020979021,0,0,1,0,0
8390688.0,"Bureaux de prestige à louer à Souissi, Rabat – 600 m²",14980.0,600.0,,6.0,3.0,Neighborhood 9,Cincinnati,24.966666666666665,0,0,1,0,0
8390685.0,"Bureaux à louer à Guéliz. 
Surface de 57 m². 
Prestation de...",749.0,57.0,,,1.0,Neighborhood 6,Tucson,13.140350877192983,0,0,1,0,0
8367030.0,Bel appart vide,1926.0,170.0,4.0,3.0,3.0,Neighborhood 1,Nashville,11.329411764705883,0,0,0,0,0
8382421.0,Bel appartement côté CFC,1444.5,100.0,4.0,3.0,2.0,Neighborhood 13,Charlotte,14.445,0,0,1,0,0
7667435.0,"Villa allouer piscine, meublée 4 ch résidence sécurise",1177.0,200.0,8.0,5.0,4.0,,,5.885,0,0,1,0,0
8358644.0,Villa front golf,4815.0,1100.0,5.0,4.0,3.0,Neighborhood 1,Nashville,4.377272727272727,0,0,0,0,0
8271179.0,CFC Superbe bureau neuf de 75 m²,1712.0,85.0,,,1.0,Neighborhood 11,Charlotte,20.141176470588235,0,0,1,0,0
8390505.0,"Louez cet appartement à Souissi. 
2 chambres. 
Parking et te...",1936.7,130.0,3.0,2.0,3.0,Neighborhood 9,Cincinnati,14.897692307692308,0,0,1,0,0
8384989.0,Maison de 212m² au bord de la mer — Jardin & Vue panoramique,374.5,212.0,5.0,4.0,3.0,,,1.7665094339622642,0,0,1,0,0
8384698.0,Ferme à 6 mn de menzeh à louer,1364.25,120.0,,3.0,,,,11.36875,0,0,0,0,0
8390549.0,Très bel appartement meublé à louer – Agdal,1498.0,60.0,2.0,1.0,2.0,Neighborhood 5,Cincinnati,24.966666666666665,0,0,1,0,0
7757214.0,"Loue villa face mer, piscine, courte durée",160.5,500.0,8.0,5.0,3.0,,,0.321,0,0,0,0,0
6957502.0,A loue Superbe appt meuble,695.5,87.0,3.0,1.0,1.0,,,7.994252873563219,0,0,1,0,0
8381977.0,Loue appt meuble 1 ch residence sécurisé,535.0,92.0,3.0,1.0,2.0,,,5.815217391304348,0,0,0,0,0
8389284.0,"LOUER – Appartement Meublé Haut Standing à Mahaj 
Riad",2247.0,100.0,3.0,2.0,3.0,Neighborhood 8,Cincinnati,22.47,0,0,1,0,0
8317807.0,Appartement meublé d’exception à louer – Hay Riad,2889.0,250.0,4.0,3.0,3.0,Neighborhood 8,Cincinnati,11.556,0,0,0,0,0
8334075.0,À louer – Appartement meublé haut standing à Mahaj Riad,1765.5,130.0,4.0,3.0,2.0,Neighborhood 8,Cincinnati,13.580769230769231,0,0,1,0,0
8374297.0,À louer – Splendide appartement de prestige à Hay Riad,2461.0,185.0,5.0,3.0,3.0,Neighborhood 8,Cincinnati,13.302702702702703,0,0,1,0,0
8388601.0,À louer – Magnifique appartement meublé haut standing avec j...,2675.0,256.0,4.0,3.0,3.0,Neighborhood 1,Cincinnati,10.44921875,0,0,0,0,0
8143211.0,Location villa prestige sur boulevard mohamed vi,2675.0,400.0,6.0,4.0,3.0,Neighborhood 1,Tucson,6.6875,0,0,1,0,0
8383577.0,Villa à louer à CIL HAY SALAM,2461.0,200.0,5.0,4.0,2.0,Neighborhood 9,Charlotte,12.305,0,0,1,0,0
8374590.0,Villa à louer sur AIN DIAB EXTENSION,3745.0,537.0,5.0,4.0,2.0,Neighborhood 2,Charlotte,6.973929236499069,0,0,1,0,0
8334916.0,Hangar à louer – investissement stratégique,6420.0,1000.0,,,2.0,Neighborhood 16,Tucson,6.42,0,0,1,0,0
8305083.0,Studio à louer – Emplacement idéal en plein centre ville,535.0,65.0,1.0,1.0,1.0,Neighborhood 14,St. Louis,8.23076923076923,0,0,1,0,0
8355546.0,Magnifique appartement de standing en plein centre ville ave...,1391.0,110.0,3.0,3.0,2.0,Neighborhood 8,St. Louis,12.645454545454545,0,0,1,0,0
8379710.0,Appartement meuble 135M2 REFAIT A NEUF,749.0,135.0,3.0,2.0,1.0,Neighborhood 2,Indianapolis,5.548148148148148,0,0,0,0,0
8390238.0,"Location d'un appartement à Casablanca Finance City. 
Surfac...",2033.0,160.0,4.0,3.0,2.0,Neighborhood 11,Charlotte,12.70625,0,0,1,0,0
8390678.0,CARRÉ ÉDEN bureaux neufs magnifique,749.0,70.0,,,1.0,Neighborhood 6,Tucson,10.7,0,0,1,0,0
8343391.0,"Très bel appartement en location à Guéliz. 
2 grandes pièces...",856.0,68.0,2.0,2.0,1.0,Neighborhood 6,Tucson,12.588235294117647,0,0,0,0,0
8114575.0,Belle appartement 3 chambre vide à Victor Hugo. 110 mètre,909.5,110.0,3.0,3.0,1.0,Neighborhood 4,Tucson,8.268181818181818,0,0,0,0,0
8390682.0,Opportunité exceptionnelle à saisir sur marrakech,1444.5,86.0,3.0,2.0,2.0,Neighborhood 4,Tucson,16.796511627906977,0,0,0,0,0
8380239.0,Location jolie semi cave étage villa vide à Hay Sofia à Targ...,802.5,160.0,2.0,2.0,1.0,Neighborhood 8,Tucson,5.015625,0,0,0,0,0
8390680.0,Opportunity exceptionnelle à saisir sur marrakech,1605.0,120.0,2.0,2.0,2.0,Neighborhood 6,Tucson,13.375,0,0,1,0,0
8387960.0,Appartement meublé bien situé sur agdal,1284.0,130.0,4.0,3.0,2.0,Neighborhood 1,Cincinnati,9.876923076923077,0,0,1,0,0
8370912.0,Appartement en location à Iberie. 2 pièces,802.5,100.0,2.0,2.0,1.0,Neighborhood 10,St. Louis,8.025,0,0,0,0,0
8377185.0,"À deux pas de Marjane, Route de Rabat",428.0,75.0,2.0,2.0,1.0,Neighborhood 13,St. Louis,5.706666666666667,0,0,0,0,0
8389407.0,"Appart à louer 2 Chambres 2 SDB, Terrasse",1337.5,90.0,3.0,2.0,2.0,Neighborhood 1,Tucson,14.86111111111111,0,0,1,0,0
8383652.0,Appartement VIDE à louer sur Dar Bouazza,1819.0,199.0,5.0,3.0,3.0,,,9.140703517587939,0,0,1,0,0
8338227.0,"Villa VIDE à louer 
Dar Bouazza",2675.0,225.0,6.0,4.0,3.0,,,11.88888888888889,0,0,1,0,0
7872393.0,Sublime villa à louer sur Dar Bouazza,3210.0,400.0,6.0,4.0,3.0,,,8.025,0,0,1,0,0
8384598.0,Beau bungalow à Skhirat plage sécurisé,856.0,120.0,5.0,3.0,2.0,Neighborhood 1,Pittsburgh,7.133333333333334,0,0,1,0,0
8384173.0,Local commercial à louer location gérance,1070.0,36.0,,,1.0,Neighborhood 20,Tucson,29.72222222222222,0,0,1,0,0
8248745.0,Appartement a louer Neuf à Nejma Résidence Haut Standing,995.1,160.0,3.0,3.0,2.0,Neighborhood 7,St. Louis,6.219375,0,0,1,0,0
8388811.0,Magnifique appartement meublé en plein centre ville,1070.0,90.0,2.0,2.0,1.0,Neighborhood 14,St. Louis,11.88888888888889,0,0,0,0,0
8389622.0,Appartement Meublé au Cœur du Centre Ville,695.5,64.0,3.0,2.0,1.0,Neighborhood 6,St. Louis,10.8671875,0,0,0,0,0
8389811.0,Studio Meublé à Louer – Tanja Balia,588.5,50.0,2.0,1.0,1.0,Neighborhood 16,St. Louis,11.77,0,0,1,0,0
8353485.0,Appartement en location sur Gauthier,1605.0,117.0,4.0,3.0,2.0,Neighborhood 15,Charlotte,13.717948717948717,0,0,1,0,0
8383875.0,Studio en location sur Casa finance City,1391.0,50.0,2.0,1.0,1.0,Neighborhood 11,Charlotte,27.82,0,0,1,0,0
8384587.0,"Appt T3 meublé à louer, Piscine Rooftop, Parking",1498.0,74.0,3.0,2.0,2.0,Neighborhood 4,Tucson,20.243243243243242,0,0,1,0,0
8150278.0,Magnifique appartement à louer ferme bretonne,1016.5,95.0,3.0,2.0,2.0,Neighborhood 13,Charlotte,10.7,0,0,1,0,0
8389455.0,Magnifique appartement à louer ville verte,1337.5,138.0,4.0,3.0,2.0,Neighborhood 1,Nashville,9.692028985507246,0,0,1,0,0
7612329.0,À la palmeraie excellente villa moderne de 4 suites vide san...,4494.0,1600.0,5.0,4.0,4.0,Neighborhood 5,Tucson,2.80875,0,0,1,0,0
8342006.0,Appartement à louer à Guéliz. 3 chambres. Bien meublé,1070.0,75.0,4.0,3.0,2.0,Neighborhood 6,Tucson,14.266666666666667,0,0,1,0,0
8377530.0,Local commercial idéal pour magasin ou restaurant,7490.0,300.0,,,2.0,Neighborhood 9,Tucson,24.966666666666665,0,0,0,0,0
8360172.0,Location d'un appartement meublé à Malabata Hills,2675.0,130.0,4.0,3.0,2.0,Neighborhood 15,St. Louis,20.576923076923077,0,0,1,0,0
8390661.0,A louer appartement de standing 151 m2 valfleurie,1177.0,150.0,5.0,3.0,2.0,Neighborhood 31,Charlotte,7.846666666666667,0,0,1,0,0
8390655.0,À louer – showroom d’exception à tanger,1926.0,950.0,,,2.0,Neighborhood 7,St. Louis,2.0273684210526315,0,0,1,0,0
8390582.0,"Studio Luxe avec Rooftop Vue Parc Anfa & CFC 
Salle de Sport...",74.9,50.0,2.0,1.0,1.0,Neighborhood 5,Charlotte,1.4980000000000002,0,0,1,0,0
8390646.0,"Appartement en location à Harhoura. 
Surface de 130 m². 
Dou...",963.0,130.0,4.0,3.0,2.0,Neighborhood 1,Sacramento,7.407692307692308,0,0,1,0,0
8390643.0,Plateau bureau neuf haut standing de 65 m² à louer – Sidi Ma...,834.6,65.0,,,1.0,Neighborhood 28,Charlotte,12.84,0,0,0,0,0
8248359.0,Louez cet appartement en Centre. 2 belles chambres. Concierg...,299.6,100.0,4.0,2.0,1.0,Neighborhood 1,Indianapolis,2.9960000000000004,0,0,0,0,0
8390628.0,Un appartement 91m à louer à ain sebaa,535.0,91.0,3.0,2.0,1.0,Neighborhood 4,Charlotte,5.8791208791208796,0,0,1,0,0
8390627.0,Magnifique Villa 3cham Locat longue durée,2140.0,1000.0,5.0,3.0,3.0,Neighborhood 17,Tucson,2.14,0,0,1,0,0
8385909.0,Appartement à louer hay mohammedi,58.85,65.0,5.0,2.0,1.0,Neighborhood 2,Austin,0.9053846153846155,0,0,0,0,0
8136236.0,"Location d'un appartement à Souissi. 2 chambres, plus chambr...",1979.5,150.0,3.0,2.0,2.0,Neighborhood 9,Cincinnati,13.196666666666667,0,0,1,0,0
8354670.0,Appartement meublé à louer,1712.0,130.0,4.0,3.0,2.0,Neighborhood 15,St. Louis,13.169230769230769,0,0,1,0,0
8372691.0,Bureau commercial à louer – 94 m² – Centre ville,1206.96,94.0,,,1.0,Neighborhood 7,St. Louis,12.84,0,0,0,0,0
8384204.0,Bureau en location Aviation Rabat 54 m,1177.0,54.0,,,1.0,Neighborhood 3,Cincinnati,21.796296296296298,0,0,0,0,0
8358725.0,CFC Bel appartement haut standing avec terrasse,1498.0,100.0,3.0,2.0,2.0,Neighborhood 11,Charlotte,14.98,0,0,1,0,0
8384047.0,Apartemnt meuble neuf,620.6,63.0,3.0,2.0,1.0,Neighborhood 3,St. Louis,9.850793650793651,0,0,0,0,0
8382559.0,Studio luxueux à louer Vue Panoramique CFC,1284.0,45.0,1.0,1.0,1.0,Neighborhood 18,Charlotte,28.533333333333335,0,0,1,0,0
8383155.0,Villa Achakar 25000 dh,2675.0,320.0,8.0,4.0,5.0,Neighborhood 1,St. Louis,8.359375,0,0,1,0,0
8360527.0,Appartement à loué meublé vue sur mer,963.0,80.0,9.0,3.0,2.0,Neighborhood 16,St. Louis,12.0375,0,0,1,0,0
8322371.0,À louer – Bel appartement situé à la Rue de Fès,695.5,100.0,3.0,2.0,2.0,Neighborhood 7,St. Louis,6.955,0,0,0,0,0
8387916.0,"Appartment à loué vide 
Iberia",1819.0,142.0,10.0,3.0,3.0,Neighborhood 10,St. Louis,12.809859154929578,0,0,1,0,0
8365460.0,Villa moderne sans Vis à Vis et Piscine Chauffée,4815.0,250.0,5.0,3.0,4.0,Neighborhood 15,Tucson,19.26,0,0,0,0,0
8337948.0,"Villa 4 suites, piscine chauffée, hamman à AMELKIS",5350.0,360.0,4.0,4.0,6.0,Neighborhood 3,Tucson,14.86111111111111,0,0,0,0,0
8368727.0,Villa au charme traditionnelle piscine et hammam,2675.0,390.0,9.0,5.0,5.0,Neighborhood 8,Tucson,6.858974358974359,0,0,0,0,0
8379170.0,Appartement Avec Jardin Privatif Agréable,1070.0,100.0,4.0,2.0,2.0,Neighborhood 5,Tucson,10.7,0,0,0,0,0
8360169.0,Grande terrasse & Cadre de Vie Paisible,1284.0,110.0,5.0,2.0,1.0,Neighborhood 5,Tucson,11.672727272727272,0,0,1,0,0
8360165.0,Prestations Haut de Gamme & Volumes Généreux,6313.0,590.0,10.0,4.0,4.0,Neighborhood 1,Tucson,10.7,0,0,1,0,0
8365450.0,Une Adresse Exclusive Golf Amelkis,3959.0,500.0,7.0,3.0,3.0,Neighborhood 3,Tucson,7.918,0,0,0,0,0
8377789.0,Villa Familiale avec volumes Généreux,3424.0,380.0,9.0,4.0,4.0,Neighborhood 21,Tucson,9.010526315789473,0,0,0,0,0
8358750.0,"Bel appartement en location à Racine.
Surface de 150 m².
Bie...",1498.0,150.0,4.0,3.0,3.0,Neighborhood 25,Charlotte,9.986666666666666,0,0,1,0,0
8383016.0,"Location d’une superbe villa sur el menzeh 
route de zaer",3852.0,600.0,7.0,5.0,4.0,,,6.42,0,0,1,0,0
8375633.0,Superbe villa avec piscine privée Route d’Ourika,3745.0,500.0,5.0,4.0,4.0,Neighborhood 22,Tucson,7.49,0,0,0,0,0
8388594.0,Grand studio neuf à louer – Quartier Les Hôpitaux,642.0,67.0,2.0,1.0,1.0,Neighborhood 17,Charlotte,9.582089552238806,0,0,1,0,0
8388418.0,Studio meublé lumineux sans vis à vis à Palmiers,802.5,50.0,2.0,1.0,1.0,Neighborhood 24,Charlotte,16.05,0,0,1,0,0
8387805.0,Appartement a louer au nouveau quartier de roche n,727.6,99.0,2.0,2.0,2.0,Neighborhood 27,Charlotte,7.349494949494949,0,0,1,0,0
8387671.0,Bureau neuf a louer route de safi a cote de mcdo,1126.71,81.0,1.0,1.0,1.0,Neighborhood 13,Tucson,13.91,0,0,1,0,0
8387501.0,Appart de 138m2 3 chambres à louer à Prestigia,1391.0,138.0,4.0,3.0,2.0,Neighborhood 1,Nashville,10.079710144927537,0,0,1,0,0
8387385.0,Villa 3 Suites Piscine Chauffée Sous location,2354.0,150.0,4.0,3.0,3.0,Neighborhood 1,Orlando,15.693333333333333,0,0,1,0,0
8387354.0,À louer – Plateau de bureau de 65 m² à Zenata,749.0,65.0,,,1.0,Neighborhood 1,Denver,11.523076923076923,0,0,1,0,0
8387228.0,"Local commercial 294 m² à louer – Marchan, Tanger",2675.0,294.0,,,1.0,Neighborhood 12,St. Louis,9.098639455782314,0,0,1,0,0
8387174.0,"Appartement à louer à Bourgogne Ouest. 
1 Pièce. 
Prestation...",802.5,67.0,1.0,1.0,1.0,Neighborhood 8,Charlotte,11.977611940298507,0,0,1,0,0
7362299.0,Appartement à l'orangerie,1915.3,135.0,3.0,2.0,2.0,Neighborhood 9,Cincinnati,14.187407407407408,0,0,1,0,0
8332671.0,"Showroom exceptionnel 
Visibilité maximale",21400.0,600.0,,,1.0,Neighborhood 20,Tucson,35.666666666666664,0,0,0,0,0
8354735.0,Appartement 4CH meublé de luxe à louer – Hay Riad,4280.0,255.0,6.0,4.0,3.0,Neighborhood 8,Cincinnati,16.784313725490197,0,0,1,0,0
8357101.0,À louer – Villa jumelée meublée de standing dans résidence s...,3210.0,320.0,5.0,3.0,3.0,Neighborhood 18,Tucson,10.03125,0,0,1,0,0
8386202.0,Appartement neuf jamais habité à louer – Résidence Clé Blanc...,2996.0,185.0,6.0,3.0,3.0,Neighborhood 9,Cincinnati,16.194594594594594,0,0,1,0,0
8229293.0,Appart vide F3 et 1CH perso à Louer – hay Riad,1926.0,175.0,4.0,3.0,2.0,Neighborhood 8,Cincinnati,11.005714285714285,0,0,1,0,0
8381065.0,Appartement meublé à Marrakech Ain Mezouar,642.0,82.0,3.0,3.0,2.0,Neighborhood 2,Tucson,7.829268292682927,0,0,1,0,0
8379087.0,Bureaux neufs à louer Avenue Kadi Ayad,558.54,80.0,,2.0,2.0,Neighborhood 3,Austin,6.98175,0,0,1,0,0
8347673.0,Belle villa 4 suites avec piscine privée à Targa,3210.0,450.0,7.0,5.0,5.0,Neighborhood 8,Tucson,7.133333333333334,0,0,0,0,0
8214490.0,Superbe Villa moderne meublée à Targa,3531.0,500.0,7.0,4.0,3.0,Neighborhood 8,Tucson,7.062,0,0,1,0,0
8369267.0,Magnifique villa 3 chambres sur résidence – Agdal,3210.0,200.0,5.0,3.0,3.0,Neighborhood 1,Tucson,16.05,0,0,0,0,0
8388720.0,"Appartement à Louer de 163.0 m² à Rabat, 
Aviation Mabella",1712.0,163.0,5.0,3.0,4.0,Neighborhood 3,Cincinnati,10.503067484662576,0,0,1,0,0
8387728.0,Spacieux appartement Sans meuble à mozart,1284.0,150.0,4.0,3.0,2.0,Neighborhood 14,St. Louis,8.56,0,0,1,0,0
8347469.0,Studio a louer meublé à franceville,781.1,45.0,2.0,1.0,1.0,Neighborhood 14,Charlotte,17.357777777777777,0,0,1,0,0
8390425.0,"Appartement en location à Palmier. 
2 pièces confortables. 
...",642.0,43.0,2.0,1.0,1.0,Neighborhood 24,Charlotte,14.930232558139535,0,0,1,0,0
8385864.0,Belle villa à louer quarteir pinede avec,4494.0,400.0,7.0,4.0,3.0,Neighborhood 9,Cincinnati,11.235,0,0,1,0,0
8365369.0,Villa moderne et lumineuse sur golf prestigieux,3317.0,350.0,8.0,3.0,3.0,Neighborhood 1,Tucson,9.477142857142857,0,0,1,0,0
8363451.0,"Neuf, Moderne, Central",963.0,62.0,2.0,1.0,1.0,Neighborhood 6,Tucson,15.53225806451613,0,0,0,0,0
8387452.0,"Moderne, Lumineuse",2675.0,330.0,5.0,3.0,2.0,Neighborhood 18,Tucson,8.106060606060606,0,0,1,0,0
8379623.0,"Villa Moderne aux Volumes Généreux, 5min du Centre",4815.0,750.0,11.0,4.0,3.0,Neighborhood 1,Tucson,6.42,0,0,1,0,0
8320632.0,"Neuf, Front golf, Lumineuse",3103.0,273.0,5.0,3.0,2.0,Neighborhood 22,Tucson,11.366300366300367,0,0,0,0,0
8114238.0,Appartement en location avec terrasse haut agdal,1819.0,270.0,5.0,3.0,3.0,Neighborhood 5,Cincinnati,6.737037037037037,0,0,1,0,0
8263669.0,Appartement standing meublé neuf a souissi,1926.0,157.0,3.0,2.0,2.0,Neighborhood 9,Cincinnati,12.26751592356688,0,0,1,0,0
8386596.0,Location d'un appartement 3 chambres à Prestigia argane. Bie...,1712.0,119.0,1.0,3.0,2.0,Neighborhood 21,Tucson,14.38655462184874,0,0,1,0,0
8386283.0,Appartement neuf Dar Bouazza,802.5,88.0,3.0,2.0,2.0,Neighborhood 1,Columbus,9.119318181818182,0,0,1,0,0
8385904.0,Local Commercial Avec Mezzanine de 230 m a Branes2,1498.0,230.0,,,2.0,Neighborhood 5,St. Louis,6.51304347826087,0,0,0,0,0
8384757.0,Appartement meiblé à marrakech,856.0,100.0,3.0,2.0,1.0,Neighborhood 16,Tucson,8.56,0,0,1,0,0
8384341.0,Appart F2 Studio Premium Californie Casablanca,791.8,49.0,3.0,1.0,1.0,Neighborhood 10,Charlotte,16.159183673469386,0,0,1,0,0
8384172.0,"Appartement neuf 93m², terrasse, dispo immédiate",802.5,93.0,4.0,2.0,1.0,Neighborhood 16,Charlotte,8.629032258064516,0,0,1,0,0
8384142.0,Appartement d’exception vue sur mer panoramique,3531.0,250.0,8.0,3.0,3.0,Neighborhood 2,Charlotte,14.124,0,0,1,0,0
8384082.0,"Studio meublé 3min CFC 
clim parking concierge",802.5,40.0,2.0,1.0,1.0,Neighborhood 13,Charlotte,20.0625,0,0,1,0,0
8383656.0,Appartement meublé à louer 96 m² à Guich Oudaya,749.0,96.0,4.0,2.0,1.0,Neighborhood 4,Cincinnati,7.802083333333333,0,0,0,0,0
8377388.0,"À Louer – Appartement 4Ch et 1 CH perso, Rabat Square –l'ora...",3745.0,230.0,5.0,4.0,3.0,Neighborhood 9,Cincinnati,16.282608695652176,0,0,1,0,0
8354995.0,"Appartement meublé haut standing – Souissi, Rabat",2675.0,140.0,4.0,3.0,3.0,Neighborhood 9,Cincinnati,19.107142857142858,0,0,1,0,0
8365742.0,Penthouse F2 & 1Ch personnel à Louer – L'Orangeraie du Souis...,2343.3,207.0,3.0,2.0,2.0,Neighborhood 9,Cincinnati,11.320289855072465,0,0,1,0,0
8375670.0,Magnifique studio meublé au cœur de Racine,802.5,68.0,2.0,1.0,1.0,Neighborhood 25,Charlotte,11.801470588235293,0,0,1,0,0
8383917.0,"Appartement en location à L'Ocean. 
1 belle chambre",642.0,82.0,2.0,1.0,2.0,Neighborhood 7,Cincinnati,7.829268292682927,0,0,0,0,0
8388057.0,Appartement en location à Harhoura. Surface totale 90 m². Me...,856.0,90.0,3.0,2.0,2.0,,,9.511111111111111,0,0,1,0,0
8378780.0,Bel appartement en location à Sidi Rahal. 2 belles chambres...,74.9,65.0,3.0,2.0,2.0,,,1.1523076923076925,0,0,0,0,0
8378278.0,Location bureaux neufs riad oulad mtaa,1177.0,80.0,,,2.0,Neighborhood 1,Kansas City,14.7125,0,0,0,0,0
8389616.0,Villa Prestige à usage professionnel AGDAL RABAT,5885.0,500.0,8.0,7.0,3.0,Neighborhood 1,Cincinnati,11.77,0,0,0,0,0
8290169.0,Plateau de bureau à louer,909.5,64.0,,,1.0,Neighborhood 6,Tucson,14.2109375,0,0,1,0,0
8369964.0,Appartement haut standing à louer,1605.0,100.0,4.0,2.0,2.0,Neighborhood 4,Tucson,16.05,0,0,1,0,0
8387335.0,Appartement meublé à louer,1177.0,126.0,4.0,3.0,1.0,Neighborhood 6,Tucson,9.341269841269842,0,0,0,0,0
8389722.0,Jolie appartement à louer 3 chambres,909.5,120.0,4.0,3.0,2.0,Neighborhood 17,Tucson,7.579166666666667,0,0,1,0,0
8314002.0,Bureaux à louer à Riyad. Surface de 711 m². Porte sécurisée...,8560.0,711.0,,,3.0,Neighborhood 8,Cincinnati,12.039381153305204,0,0,1,0,0
8332651.0,Hangar stratégique à louer – Tamesloht/Harbil,5350.0,2000.0,,,1.0,,,2.675,0,0,1,0,0
8380356.0,"À louer – Spacieux étage de villa à Hay Soufia,
Targa",802.5,160.0,6.0,2.0,1.0,Neighborhood 8,Tucson,5.015625,0,0,0,0,0
8017739.0,Impeccable bureau à louer au cœur de Gueliz,4280.0,300.0,,,6.0,Neighborhood 6,Tucson,14.266666666666667,0,0,1,0,0
8389803.0,À louer en gérance libre – Magasin idéalement situé à Gueliz...,2140.0,53.0,,,1.0,Neighborhood 23,Tucson,40.37735849056604,0,0,0,0,0
8324391.0,Villa palmeraie,3852.0,450.0,7.0,4.0,4.0,Neighborhood 5,Tucson,8.56,0,0,1,0,0
8390299.0,À louer – Superbe appartement avec grande terrasse et vue su...,1177.0,90.0,7.0,2.0,2.0,Neighborhood 6,Tucson,13.077777777777778,0,0,0,0,0
8368213.0,"Bureau à Louer de 420.0 m² à Casablanca, Bourgogne Anfa",10700.0,420.0,,,,Neighborhood 8,Charlotte,25.476190476190474,0,0,1,0,0
8354997.0,"Villa de luxe à louer à Route de Tahanaout.
Superficie 500 m...",5350.0,300.0,7.0,4.0,3.0,Neighborhood 21,Tucson,17.833333333333332,0,0,1,0,0
8115958.0,Superbe appartement traversant à louer,1498.0,161.0,4.0,3.0,2.0,Neighborhood 25,Charlotte,9.304347826086957,0,0,1,0,0
8383177.0,Bel appartement en location uniquement pour familles à Nassi...,37.45,50.0,4.0,2.0,1.0,Neighborhood 2,Fresno,0.7490000000000001,0,0,0,0,0
8381745.0,Bel appartement 2 chambres avec grande terrasse,909.5,110.0,4.0,2.0,2.0,Neighborhood 10,Charlotte,8.268181818181818,0,0,1,0,0
8381669.0,Villa emplacement strategique a rabat,3852.0,350.0,4.0,3.0,4.0,Neighborhood 9,Cincinnati,11.005714285714285,0,0,1,0,0
8380401.0,"Rez de jardin, 2 chambres meublés, piscine, golf",1605.0,97.0,3.0,2.0,2.0,Neighborhood 1,Tucson,16.54639175257732,0,0,1,0,0
8380061.0,Des appartements à louer à Cap de l'eau,42.8,100.0,2.0,2.0,2.0,Neighborhood 1,Cleveland,0.428,0,0,0,0,0
8380040.0,"Somptueuse villa à louer à Moulay Bousselham. 
Surface de 12...",117.7,120.0,5.0,3.0,2.0,Neighborhood 1,Tampa,0.9808333333333333,0,0,1,0,0
8379079.0,Maison à louer par nuité,26.75,56.0,4.0,2.0,1.0,Neighborhood 1,Austin,0.47767857142857145,0,0,0,0,0
8378524.0,"Appt 2 chambres, 2 sdb, non meublé",802.5,65.0,3.0,2.0,2.0,Neighborhood 17,Charlotte,12.346153846153847,0,0,1,0,0
8378098.0,Location bureau équipé Boulevard Zerktouni,1284.0,135.0,,,2.0,Neighborhood 19,Charlotte,9.511111111111111,0,0,0,0,0
8390304.0,"Location d'un appartement à Souissi. 
3 belles chambres. 
Me...",3852.0,190.0,4.0,3.0,2.0,Neighborhood 9,Cincinnati,20.273684210526316,0,0,1,0,0
8389439.0,Appartement en location à Aviation Mabella. 1 Pièce. Bien me...,802.5,40.0,1.0,1.0,1.0,Neighborhood 3,Cincinnati,20.0625,0,0,0,0,0
8373863.0,À louer – Superbe appartement meublé de haut standing à Palm...,1926.0,102.0,3.0,2.0,2.0,Neighborhood 24,Charlotte,18.88235294117647,0,0,1,0,0
8376204.0,Beau studio à la location,963.0,58.0,2.0,1.0,1.0,Neighborhood 1,Nashville,16.603448275862068,0,0,0,0,0
8361215.0,Plateau bureau à louer à boulevard al Qods,1337.5,84.0,,,1.0,Neighborhood 1,Charlotte,15.922619047619047,0,0,1,0,0
8250502.0,"Apt 59m au quatrième étage, location à l’année",963.0,59.0,1.0,1.0,1.0,Neighborhood 13,Charlotte,16.322033898305083,0,0,1,0,0
8378084.0,Charmant 2 chambres dans une résidence sécurisée,802.5,82.0,3.0,2.0,2.0,Neighborhood 7,Tucson,9.786585365853659,0,0,1,0,0
8370710.0,Nouvel Appartement Luxueux 56m2 a louer,952.3,56.0,2.0,1.0,1.0,Neighborhood 22,Charlotte,17.005357142857143,0,0,0,0,0
8326085.0,Villa meublée à louer à Souissi – Rabat,7490.0,2500.0,4.0,3.0,3.0,Neighborhood 9,Cincinnati,2.996,0,0,1,0,0
8356746.0,"Appartement neuf de haut standing à louer – Hay Riad, Rabat",2461.0,185.0,4.0,3.0,3.0,Neighborhood 8,Cincinnati,13.302702702702703,0,0,1,0,0
8253517.0,Appt F3 & 1CH personnel à louer l'orangeraie Souissi,2675.0,172.0,4.0,3.0,3.0,Neighborhood 9,Cincinnati,15.55232558139535,0,0,1,0,0
8341879.0,Local commercial en angle – forte visibilité,3103.0,200.0,,,2.0,Neighborhood 17,Charlotte,15.515,0,0,0,0,0
8344435.0,Studio neuf meublé terrasse Piscine CFC premium,1177.0,61.0,2.0,1.0,1.0,Neighborhood 11,Charlotte,19.295081967213115,0,0,1,0,0
8344423.0,Studio Bliving lumineux dernier étage Terrasse,802.5,58.0,2.0,1.0,1.0,Neighborhood 13,Charlotte,13.836206896551724,0,0,1,0,0
8323267.0,Penthouse 3Ch Neuf à Louer L’Orangeraie souissi,2675.0,175.0,4.0,3.0,4.0,Neighborhood 9,Cincinnati,15.285714285714286,0,0,1,0,0
8380313.0,Gauthier: Appartement 134 m2 dernier étage,1551.5,134.0,5.0,3.0,2.0,Neighborhood 15,Charlotte,11.578358208955224,0,0,1,0,0
8382946.0,Villa à louer à Bouskoura prestigia,3210.0,400.0,6.0,4.0,3.0,Neighborhood 1,Nashville,8.025,0,0,1,0,0
8280336.0,Rez de jardin meublé à louer à Bouskoura,1391.0,120.0,5.0,2.0,1.0,Neighborhood 1,Nashville,11.591666666666667,0,0,1,0,0
8386506.0,Appartement à louer à On Hill,2247.0,200.0,6.0,4.0,3.0,Neighborhood 1,Nashville,11.235,0,0,1,0,0
8372390.0,Palmeraie: Appartement entièrement rénové 2 Chs,1284.0,110.0,3.0,2.0,1.0,Neighborhood 5,Tucson,11.672727272727272,0,0,0,0,0
8382698.0,Appartement en location à Guéliz. Surface de 150 m². Double...,1070.0,150.0,7.0,3.0,2.0,Neighborhood 6,Tucson,7.133333333333334,0,0,1,0,0
8214632.0,Superbe studio meublé a les princesses avec balcon,749.0,48.0,1.0,1.0,1.0,Neighborhood 18,Charlotte,15.604166666666666,0,0,1,0,0
8271246.0,"Superb Studio Meuble, jamais habité a cfc",695.5,45.0,1.0,1.0,1.0,Neighborhood 11,Charlotte,15.455555555555556,0,0,1,0,0
8375518.0,Magnifique penthouse orientation sud est ouest,2343.3,207.0,4.0,2.0,3.0,Neighborhood 9,Cincinnati,11.320289855072465,0,0,1,0,0
8375397.0,Maison de luxe à louer à Mhamid. 4 chambres. Bien meublé,1605.0,300.0,4.0,4.0,4.0,Neighborhood 12,Tucson,5.35,0,0,1,0,0
8375107.0,"Appartement meublé à louer Oulfa, Casablanca",963.0,133.0,5.0,3.0,2.0,Neighborhood 23,Charlotte,7.2406015037593985,0,0,1,0,0
8374177.0,Location longue durée appt meublé,1123.5,95.0,3.0,2.0,2.0,Neighborhood 2,Charlotte,11.826315789473684,0,0,0,0,0
8372995.0,"Local commercial à louer à Dar Bouazza. 
Superficie 281 m²",1819.0,281.0,,,2.0,Neighborhood 1,Columbus,6.473309608540926,0,0,0,0,0
8371964.0,Appartement meublé / 3 chambres / ville verte,2011.6,160.0,5.0,3.0,2.0,Neighborhood 1,Nashville,12.5725,0,0,1,0,0
8369503.0,Direct propriétaire villa contemporaine,3852.0,340.0,8.0,4.0,2.0,Neighborhood 21,Tucson,11.329411764705883,0,0,1,0,0
8365510.0,Appart meublé hivernage modern ch 204 M 3 CH 3 WC,2461.0,204.0,4.0,3.0,3.0,Neighborhood 9,Tucson,12.063725490196079,0,0,1,0,0
8364732.0,Charmant Studio à louer à Anoual,802.5,43.0,1.0,1.0,1.0,Neighborhood 17,Charlotte,18.662790697674417,0,0,1,0,0
8332699.0,Apt rdc luxueux au quartier anfa ahmed ed charci,1284.0,128.0,2.0,2.0,3.0,Neighborhood 8,Charlotte,10.03125,0,0,1,0,0
8217471.0,"Apparemment 60m au troisième étage, location à l’année",941.6,60.0,1.0,1.0,1.0,Neighborhood 13,Charlotte,15.693333333333333,0,0,1,0,0
8311187.0,Villa à louer à Souissi,6420.0,2700.0,8.0,5.0,3.0,Neighborhood 9,Cincinnati,2.3777777777777778,0,0,0,0,0
8390254.0,"Location de bureaux à Benjdia proche 17etage.
Surface totale...",909.5,90.0,,,1.0,Neighborhood 7,Charlotte,10.105555555555556,0,0,0,0,0
8387844.0,Joli studio étage élevé en location CFC,1284.0,85.0,2.0,1.0,1.0,Neighborhood 11,Charlotte,15.105882352941176,0,0,1,0,0
8364383.0,"Villa 5 chambres, majorelle, piscine chauffée",3210.0,300.0,15.0,5.0,5.0,Neighborhood 11,Tucson,10.7,0,0,1,0,0
8359486.0,Appartement élégant meublé,856.0,60.0,3.0,2.0,2.0,Neighborhood 29,Charlotte,14.266666666666667,0,0,1,0,0
8271248.0,Joli studio meublé neuf au ferme brouton,695.5,45.0,1.0,1.0,1.0,Neighborhood 11,Charlotte,15.455555555555556,0,0,1,0,0
8308995.0,"Bureau aménagé 65 m², Gauthier",909.5,64.0,,,1.0,Neighborhood 15,Charlotte,14.2109375,0,0,1,0,0
8139636.0,Bureau à louer plien Gueliz,524.3,45.0,,,1.0,Neighborhood 6,Tucson,11.65111111111111,0,0,0,0,0
8381205.0,Appartement en location à Casablanca Finance City. 1 belle c...,1070.0,75.0,2.0,1.0,1.0,Neighborhood 11,Charlotte,14.266666666666667,0,0,1,0,0
8336507.0,Gauthier Très beau studio loft à la location,963.0,70.0,2.0,1.0,1.0,Neighborhood 19,Charlotte,13.757142857142858,0,0,1,0,0
8390321.0,Villa de prestige à louer quartier Boubana,2675.0,400.0,5.0,3.0,2.0,Neighborhood 9,St. Louis,6.6875,0,0,1,0,0
8390318.0,À louer – Superbe rez de jardin meublé à Souissi,1337.5,75.0,2.0,1.0,1.0,Neighborhood 9,Cincinnati,17.833333333333332,0,0,1,0,0
8384711.0,Location studio avec terasse les hopitaux,834.6,66.0,2.0,1.0,1.0,Neighborhood 17,Charlotte,12.645454545454546,0,0,0,0,0
8382690.0,"Bureau 70 m², neuf, centre ville",909.5,70.0,,,1.0,Neighborhood 3,Charlotte,12.992857142857142,0,0,1,0,0
8386654.0,Studio 62M2 proche Anfa park et CFC,642.0,62.0,2.0,1.0,1.0,Neighborhood 5,Charlotte,10.35483870967742,0,0,1,0,0
8368838.0,Appartement une chambre non meublé a louer CFC,963.0,68.0,2.0,1.0,2.0,Neighborhood 11,Charlotte,14.161764705882353,0,0,1,0,0
8389209.0,"Magnifique villa à louer à hay Ryad secteur 11.
4 chambres a...",4280.0,300.0,7.0,4.0,4.0,Neighborhood 8,Cincinnati,14.266666666666667,0,0,1,0,0
8357887.0,Appartement meublé à Ahlane,802.5,75.0,3.0,2.0,1.0,Neighborhood 2,St. Louis,10.7,0,0,1,0,0
7943253.0,"Appartement 2 chambres, Gauthier",1230.5,100.0,2.0,2.0,2.0,Neighborhood 15,Charlotte,12.305,0,0,1,0,0
8364350.0,Fantastique studio à louer à Gautier :,716.9,50.0,1.0,1.0,1.0,Neighborhood 15,Charlotte,14.338,0,0,0,0,0
8354808.0,Appartement charmant à louer. 20 grands espaces de vie. Enti...,42.8,45.0,1.0,1.0,1.0,Neighborhood 1,Albuquerque,0.951111111111111,0,0,0,0,0
8353975.0,Beau Studio à Louer en Face Tramway avec Balcon,834.6,50.0,2.0,1.0,1.0,Neighborhood 16,Charlotte,16.692,0,0,1,0,0
8349130.0,Bureaux en location à Diour Dokala. Surface totale 114 m². C...,1872.5,114.0,,,1.0,Neighborhood 1,Fresno,16.42543859649123,0,0,1,0,0
8333431.0,Local commercial à louer location gérance,1070.0,36.0,,,1.0,Neighborhood 20,Tucson,29.72222222222222,0,0,1,0,0
8325562.0,Apoartement meuble centre Ville a louer,802.5,130.0,1.0,3.0,2.0,Neighborhood 7,St. Louis,6.173076923076923,0,0,1,0,0
8323277.0,Appart de Standing vue dégagée sur AgdaL,1337.5,130.0,4.0,3.0,2.0,Neighborhood 1,Cincinnati,10.288461538461538,0,0,1,0,0
8321525.0,Local 160m2 proche fourate et bir anzarane,2033.0,157.0,,,1.0,Neighborhood 20,Charlotte,12.949044585987261,0,0,1,0,0
8314364.0,Superbe Villa avec Grand Jardin à Louer – Souissi,5457.0,2300.0,12.0,6.0,5.0,Neighborhood 9,Cincinnati,2.3726086956521737,0,0,1,0,0
7696720.0,Appartement F3 GRANDE TERRASSE Piscine Golf,856.0,84.0,3.0,2.0,2.0,Neighborhood 22,Tucson,10.19047619047619,0,0,0,0,0
8367012.0,Appartement vide Golf grande terrasse,1605.0,136.0,4.0,2.0,2.0,Neighborhood 1,Tucson,11.801470588235293,0,0,1,0,0
8077021.0,Appartement à louer à Casablanca Finance City,1123.5,95.0,3.0,2.0,2.0,Neighborhood 11,Charlotte,11.826315789473684,0,0,1,0,0
8387334.0,Appartment à loué meublé centre ville,1605.0,142.0,7.0,3.0,2.0,Neighborhood 7,St. Louis,11.30281690140845,0,0,1,0,0
8383809.0,Appartement meuble a louer a iberia,1551.5,140.0,4.0,3.0,2.0,Neighborhood 10,St. Louis,11.082142857142857,0,0,1,0,0
8382473.0,Appartement non meuble jamais habite,1123.5,130.0,4.0,3.0,1.0,Neighborhood 14,St. Louis,8.642307692307693,0,0,1,0,0
8359187.0,Bel appart meublé 2 ch 81m² Haut étage –Belvédère,877.4,81.0,1.0,2.0,2.0,Neighborhood 27,Charlotte,10.832098765432098,0,0,1,0,0
8345290.0,Magnifique apt 175m² Casa Marina Vue sur Mer,2247.0,175.0,3.0,2.0,2.0,Neighborhood 12,Charlotte,12.84,0,0,1,0,0
8362799.0,Villa à la location,3210.0,420.0,5.0,4.0,3.0,Neighborhood 1,Nashville,7.642857142857143,0,0,1,0,0
8352898.0,Location villa de luxe à Riyad. Surface totale 800 m². Fenêt...,4173.0,800.0,9.0,6.0,5.0,Neighborhood 8,Cincinnati,5.21625,0,0,1,0,0
8360619.0,Appartement en location à Hay Ach chbanat. 2 chambres. Fenêt...,1712.0,132.0,2.0,2.0,2.0,Neighborhood 6,Cincinnati,12.969696969696969,0,0,1,0,0
8352298.0,Appartement neuf a louer a el menzeh,1444.5,160.0,5.0,3.0,2.0,,,9.028125,0,0,1,0,0
8379649.0,Magnifique appartement avec terrasse,2568.0,170.0,4.0,3.0,2.0,Neighborhood 9,Cincinnati,15.105882352941176,0,0,1,0,0
8387251.0,Studio meublé avec terrasse,674.1,44.0,2.0,1.0,1.0,Neighborhood 8,Charlotte,15.320454545454545,0,0,1,0,0
8382315.0,Location d'un appartement à Guéliz. 2 belles chambres. Meubl...,695.5,80.0,3.0,2.0,1.0,Neighborhood 6,Tucson,8.69375,0,0,1,0,0
8386656.0,Superbe appartement à louer à Casablanca Finance City. 1 bel...,1284.0,70.0,2.0,1.0,1.0,Neighborhood 11,Charlotte,18.34285714285714,0,0,1,0,0
8350782.0,Appartement à louer à Ferme Bretonne Hay Arraha. 3 chambres...,1016.5,122.0,4.0,3.0,2.0,Neighborhood 13,Charlotte,8.331967213114755,0,0,1,0,0
8310731.0,Appartement moderne à louer Iberia,1605.0,95.0,3.0,2.0,2.0,Neighborhood 10,St. Louis,16.894736842105264,0,0,0,0,0
8225076.0,Bel appartement à louer au quartier Nejma,1391.0,135.0,4.0,3.0,2.0,Neighborhood 7,St. Louis,10.303703703703704,0,0,1,0,0
8390230.0,Appartement d'exception à louer à Eagle Hills,2996.0,130.0,6.0,4.0,4.0,Neighborhood 8,Cincinnati,23.046153846153846,0,0,1,0,0
8340017.0,Magnifique rez de jardin à louer meublé,1070.0,140.0,3.0,2.0,2.0,Neighborhood 5,Tucson,7.642857142857143,0,0,0,0,0
8354270.0,Villa 4 chambres à louer longue durée,3210.0,460.0,6.0,4.0,4.0,Neighborhood 5,Tucson,6.978260869565218,0,0,0,0,0
8312349.0,À louer Appartement 100 m² à M’Hamid 7,535.0,100.0,4.0,3.0,2.0,Neighborhood 12,Tucson,5.35,0,0,0,0,0
8311943.0,Appt. 100m² Vide & Neuf _ à coté Casa voyageur,599.2,100.0,4.0,2.0,2.0,Neighborhood 6,Charlotte,5.992000000000001,0,0,1,0,0
8291566.0,Location Longue Durée – Studio Neuf Meublé – Bourgogne Casab...,845.3,52.0,1.0,1.0,1.0,Neighborhood 8,Charlotte,16.25576923076923,0,0,1,0,0
8286334.0,Appartement meublé cosy et central avec terrasse à,727.6,89.0,4.0,1.0,1.0,Neighborhood 19,Charlotte,8.175280898876405,0,0,0,0,0
8285726.0,Gauthier Appartement 2 chambres Meublé,1048.6,80.0,3.0,2.0,1.0,Neighborhood 15,Charlotte,13.107499999999998,0,0,1,0,0
8283616.0,Appart haut standing à louer à Kassam1,749.0,90.0,2.0,2.0,2.0,Neighborhood 1,Raleigh,8.322222222222223,0,0,0,0,0
8282072.0,"Bel Apt bien meublé 
Maarif extension terrasse privative",513.6,70.0,2.0,1.0,1.0,Neighborhood 20,Charlotte,7.337142857142857,0,0,0,0,0
8279169.0,Studio Raffiné Neuf Meublé Hermitage / Abdelmoumen,727.6,48.0,2.0,1.0,1.0,Neighborhood 16,Charlotte,15.158333333333333,0,0,1,0,0
8263175.0,Appartement meublé parc Mohammedia,101.65,123.0,3.0,2.0,1.0,Neighborhood 3,Fresno,0.8264227642276423,0,0,1,0,0
